
-- Mercado
INSERT INTO Mercado(nombre_mercado, direccion) VALUES ('Central','Plaza Poniente, 7, 47003');
INSERT INTO Mercado(nombre_mercado, direccion) VALUES ('Sur', 'Calle Maldonado, 3, 47009');
INSERT INTO Mercado(nombre_mercado, direccion) VALUES ('Norte', 'Calle Gerrymander, 22, 47012');


-- Puestos 
INSERT INTO Puesto(nombre_mercado, numero_local, dimension) VALUES ('Central',1,12.4);
INSERT INTO Puesto(nombre_mercado, numero_local, dimension) VALUES ('Central',2,12.4);
INSERT INTO Puesto(nombre_mercado, numero_local, dimension) VALUES ('Central',3,12.4);
INSERT INTO Puesto(nombre_mercado, numero_local, dimension) VALUES ('Central',4,12.4);
INSERT INTO Puesto(nombre_mercado, numero_local, dimension) VALUES ('Central',5,12.4);
INSERT INTO Puesto(nombre_mercado, numero_local, dimension) VALUES ('Central',6,12.4);	
INSERT INTO Puesto(nombre_mercado, numero_local, dimension) VALUES ('Central',7,12.4);	
INSERT INTO Puesto(nombre_mercado, numero_local, dimension) VALUES ('Central',8,12.4);
INSERT INTO Puesto(nombre_mercado, numero_local, dimension) VALUES ('Central',9,12.4);	
INSERT INTO Puesto(nombre_mercado, numero_local, dimension) VALUES ('Central',10,12.4);
INSERT INTO Puesto(nombre_mercado, numero_local, dimension) VALUES ('Central',11,12.4);
INSERT INTO Puesto(nombre_mercado, numero_local, dimension) VALUES ('Central',12,12.4);
INSERT INTO Puesto(nombre_mercado, numero_local, dimension) VALUES ('Central',13,12.4);
INSERT INTO Puesto(nombre_mercado, numero_local, dimension) VALUES ('Central',14,12.4);
INSERT INTO Puesto(nombre_mercado, numero_local, dimension) VALUES ('Central',15,12.4);
INSERT INTO Puesto(nombre_mercado, numero_local, dimension) VALUES ('Central',16,16.0);
INSERT INTO Puesto(nombre_mercado, numero_local, dimension) VALUES ('Central',17,16.0);
INSERT INTO Puesto(nombre_mercado, numero_local, dimension) VALUES ('Central',18,16.0);
INSERT INTO Puesto(nombre_mercado, numero_local, dimension) VALUES ('Central',19,16.0);
INSERT INTO Puesto(nombre_mercado, numero_local, dimension) VALUES ('Central',20,16.0);
INSERT INTO Puesto(nombre_mercado, numero_local, dimension) VALUES ('Central',21,16.0);
INSERT INTO Puesto(nombre_mercado, numero_local, dimension) VALUES ('Central',22,16.0);
INSERT INTO Puesto(nombre_mercado, numero_local, dimension) VALUES ('Central',23,16.0);
INSERT INTO Puesto(nombre_mercado, numero_local, dimension) VALUES ('Central',24,16.0);
INSERT INTO Puesto(nombre_mercado, numero_local, dimension) VALUES ('Central',25,16.0);
INSERT INTO Puesto(nombre_mercado, numero_local, dimension) VALUES ('Central',26,16.0);
INSERT INTO Puesto(nombre_mercado, numero_local, dimension) VALUES ('Central',27,16.0);
INSERT INTO Puesto(nombre_mercado, numero_local, dimension) VALUES ('Central',28,16.0);
INSERT INTO Puesto(nombre_mercado, numero_local, dimension) VALUES ('Central',29,16.0);
INSERT INTO Puesto(nombre_mercado, numero_local, dimension) VALUES ('Central',30,16.0);
INSERT INTO Puesto(nombre_mercado, numero_local, dimension) VALUES ('Central',31,16.0);
INSERT INTO Puesto(nombre_mercado, numero_local, dimension) VALUES ('Central',32,16.0);
INSERT INTO Puesto(nombre_mercado, numero_local, dimension) VALUES ('Central',33,16.0);
INSERT INTO Puesto(nombre_mercado, numero_local, dimension) VALUES ('Central',34,16.0);
INSERT INTO Puesto(nombre_mercado, numero_local, dimension) VALUES ('Central',35,16.0);
INSERT INTO Puesto(nombre_mercado, numero_local, dimension) VALUES ('Central',36,16.0);
INSERT INTO Puesto(nombre_mercado, numero_local, dimension) VALUES ('Central',37,16.0);
INSERT INTO Puesto(nombre_mercado, numero_local, dimension) VALUES ('Central',38,16.0);
INSERT INTO Puesto(nombre_mercado, numero_local, dimension) VALUES ('Central',39,16.0);
INSERT INTO Puesto(nombre_mercado, numero_local, dimension) VALUES ('Central',40,16.0);
INSERT INTO Puesto(nombre_mercado, numero_local, dimension) VALUES ('Sur',1,12.4);
INSERT INTO Puesto(nombre_mercado, numero_local, dimension) VALUES ('Sur',2,12.4);
INSERT INTO Puesto(nombre_mercado, numero_local, dimension) VALUES ('Sur',3,12.4);
INSERT INTO Puesto(nombre_mercado, numero_local, dimension) VALUES ('Sur',4,12.4);
INSERT INTO Puesto(nombre_mercado, numero_local, dimension) VALUES ('Sur',5,12.4);
INSERT INTO Puesto(nombre_mercado, numero_local, dimension) VALUES ('Sur',6,12.4);
INSERT INTO Puesto(nombre_mercado, numero_local, dimension) VALUES ('Sur',7,12.4);
INSERT INTO Puesto(nombre_mercado, numero_local, dimension) VALUES ('Sur',8,12.4);
INSERT INTO Puesto(nombre_mercado, numero_local, dimension) VALUES ('Sur',9,12.4);
INSERT INTO Puesto(nombre_mercado, numero_local, dimension) VALUES ('Sur',10,12.4);
INSERT INTO Puesto(nombre_mercado, numero_local, dimension) VALUES ('Norte',1,12.4);
INSERT INTO Puesto(nombre_mercado, numero_local, dimension) VALUES ('Norte',2,12.4);
INSERT INTO Puesto(nombre_mercado, numero_local, dimension) VALUES ('Norte',3,12.4);
INSERT INTO Puesto(nombre_mercado, numero_local, dimension) VALUES ('Norte',4,12.4);
INSERT INTO Puesto(nombre_mercado, numero_local, dimension) VALUES ('Norte',5,12.4);
INSERT INTO Puesto(nombre_mercado, numero_local, dimension) VALUES ('Norte',6,12.4);
INSERT INTO Puesto(nombre_mercado, numero_local, dimension) VALUES ('Norte',7,12.4);
INSERT INTO Puesto(nombre_mercado, numero_local, dimension) VALUES ('Norte',8,12.4);
INSERT INTO Puesto(nombre_mercado, numero_local, dimension) VALUES ('Norte',9,12.4);
INSERT INTO Puesto(nombre_mercado, numero_local, dimension) VALUES ('Norte',10,12.4);

-- Almacenes
INSERT INTO Almacen(nombre_mercado,numero_local,dimension,frigorifico,libre) VALUES	('Central',41,7.34,TRUE,75.0);
INSERT INTO Almacen(nombre_mercado,numero_local,dimension,frigorifico,libre) VALUES	('Central',42,7.34,TRUE,30.0);
INSERT INTO Almacen(nombre_mercado,numero_local,dimension,frigorifico,libre) VALUES	('Central',43,11.27,FALSE,20.0);
INSERT INTO Almacen(nombre_mercado,numero_local,dimension,frigorifico,libre) VALUES	('Central',44,11.27,FALSE,0.0);
INSERT INTO Almacen(nombre_mercado,numero_local,dimension,frigorifico,libre) VALUES	('Central',45,11.27,FALSE,0.0);
INSERT INTO Almacen(nombre_mercado,numero_local,dimension,frigorifico,libre) VALUES	('Central',46,11.27,FALSE,0.0);
INSERT INTO Almacen(nombre_mercado,numero_local,dimension,frigorifico,libre) VALUES	('Central',47,7.34,TRUE,0.0);
INSERT INTO Almacen(nombre_mercado,numero_local,dimension,frigorifico,libre) VALUES	('Central',48,7.34,TRUE,20.0);
INSERT INTO Almacen(nombre_mercado,numero_local,dimension,frigorifico,libre) VALUES	('Central',49,11.27,FALSE,20.0);
INSERT INTO Almacen(nombre_mercado,numero_local,dimension,frigorifico,libre) VALUES	('Central',50,11.27,FALSE,50.0);
INSERT INTO Almacen(nombre_mercado,numero_local,dimension,frigorifico,libre) VALUES	('Central',51,11.27,FALSE,20.0);
INSERT INTO Almacen(nombre_mercado,numero_local,dimension,frigorifico,libre) VALUES	('Central',52,7.34,TRUE,30.0);
INSERT INTO Almacen(nombre_mercado,numero_local,dimension,frigorifico,libre) VALUES	('Central',53,7.34,TRUE,40.0);
INSERT INTO Almacen(nombre_mercado,numero_local,dimension,frigorifico,libre) VALUES	('Central',54,8.34,TRUE,40.0);
INSERT INTO Almacen(nombre_mercado,numero_local,dimension,frigorifico,libre) VALUES	('Central',55,12.34,FALSE,100.0);
INSERT INTO Almacen(nombre_mercado,numero_local,dimension,frigorifico,libre) VALUES	('Sur',11,7.34,TRUE,40.0);
INSERT INTO Almacen(nombre_mercado,numero_local,dimension,frigorifico,libre) VALUES	('Sur',12,7.34,TRUE,0.0);
INSERT INTO Almacen(nombre_mercado,numero_local,dimension,frigorifico,libre) VALUES	('Sur',13,11.27,FALSE,20.0);
INSERT INTO Almacen(nombre_mercado,numero_local,dimension,frigorifico,libre) VALUES	('Sur',14,11.27,FALSE,0.0);
INSERT INTO Almacen(nombre_mercado,numero_local,dimension,frigorifico,libre) VALUES	('Sur',15,11.27,FALSE,30.0);
INSERT INTO Almacen(nombre_mercado,numero_local,dimension,frigorifico,libre) VALUES	('Sur',16,11.27,FALSE,0.0);
INSERT INTO Almacen(nombre_mercado,numero_local,dimension,frigorifico,libre) VALUES	('Sur',17,7.34,TRUE,40.0);
INSERT INTO Almacen(nombre_mercado,numero_local,dimension,frigorifico,libre) VALUES	('Sur',18,7.34,TRUE,100.0);
INSERT INTO Almacen(nombre_mercado,numero_local,dimension,frigorifico,libre) VALUES	('Sur',19,11.27,FALSE,100.0);
INSERT INTO Almacen(nombre_mercado,numero_local,dimension,frigorifico,libre) VALUES	('Sur',20,11.27,FALSE,100.0);
INSERT INTO Almacen(nombre_mercado,numero_local,dimension,frigorifico,libre) VALUES	('Norte',11,7.34,TRUE,100.0);
INSERT INTO Almacen(nombre_mercado,numero_local,dimension,frigorifico,libre) VALUES	('Norte',12,7.34,TRUE,0.0);
INSERT INTO Almacen(nombre_mercado,numero_local,dimension,frigorifico,libre) VALUES	('Norte',13,11.27,FALSE,20.0);
INSERT INTO Almacen(nombre_mercado,numero_local,dimension,frigorifico,libre) VALUES	('Norte',14,11.27,FALSE,40.0);
INSERT INTO Almacen(nombre_mercado,numero_local,dimension,frigorifico,libre) VALUES	('Norte',15,11.27,FALSE,0.0);
INSERT INTO Almacen(nombre_mercado,numero_local,dimension,frigorifico,libre) VALUES	('Norte',16,11.27,FALSE,50.0);
INSERT INTO Almacen(nombre_mercado,numero_local,dimension,frigorifico,libre) VALUES	('Norte',17,7.34,TRUE,60.0);
INSERT INTO Almacen(nombre_mercado,numero_local,dimension,frigorifico,libre) VALUES	('Norte',18,7.34,TRUE,60.0);
	
-- Almacenaje
INSERT INTO Almacenaje(numero_almacen, nombre_mercado, numero_puesto, espacio_asignado) VALUES (41, 'Central', 15,25.0);
INSERT INTO Almacenaje(numero_almacen, nombre_mercado, numero_puesto, espacio_asignado) VALUES (43, 'Central', 15,20.0);
INSERT INTO Almacenaje(numero_almacen, nombre_mercado, numero_puesto, espacio_asignado) VALUES (44,'Central',15,20.0);
INSERT INTO Almacenaje(numero_almacen, nombre_mercado, numero_puesto, espacio_asignado) VALUES (42, 'Central', 16,40.0);
INSERT INTO Almacenaje(numero_almacen, nombre_mercado, numero_puesto, espacio_asignado) VALUES (42, 'Central', 17,30.0);
INSERT INTO Almacenaje(numero_almacen, nombre_mercado, numero_puesto, espacio_asignado) VALUES (44,'Central',38,20.0);
INSERT INTO Almacenaje(numero_almacen, nombre_mercado, numero_puesto, espacio_asignado) VALUES (43, 'Central', 38,30.0);
INSERT INTO Almacenaje(numero_almacen, nombre_mercado, numero_puesto, espacio_asignado) VALUES (43, 'Central', 1,30.0);
INSERT INTO Almacenaje(numero_almacen, nombre_mercado, numero_puesto, espacio_asignado) VALUES (44,'Central',25,20.0);
INSERT INTO Almacenaje(numero_almacen, nombre_mercado, numero_puesto, espacio_asignado) VALUES (45, 'Central',11,50.0);
INSERT INTO Almacenaje(numero_almacen, nombre_mercado, numero_puesto, espacio_asignado) VALUES (45, 'Central', 3,50.0);	
INSERT INTO Almacenaje(numero_almacen, nombre_mercado, numero_puesto, espacio_asignado) VALUES (46,'Central',7,20.0);	
INSERT INTO Almacenaje(numero_almacen, nombre_mercado, numero_puesto, espacio_asignado) VALUES (46, 'Central', 5,20.0);	
INSERT INTO Almacenaje(numero_almacen, nombre_mercado, numero_puesto, espacio_asignado) VALUES (46, 'Central', 40,20.0);	
INSERT INTO Almacenaje(numero_almacen, nombre_mercado, numero_puesto, espacio_asignado) VALUES (47,'Central',18,25.0);	
INSERT INTO Almacenaje(numero_almacen, nombre_mercado, numero_puesto, espacio_asignado) VALUES (46, 'Central', 4,20.0);	
INSERT INTO Almacenaje(numero_almacen, nombre_mercado, numero_puesto, espacio_asignado) VALUES (46, 'Central', 38,20.0);	
INSERT INTO Almacenaje(numero_almacen, nombre_mercado, numero_puesto, espacio_asignado) VALUES (47, 'Central',13,25.0);	
INSERT INTO Almacenaje(numero_almacen, nombre_mercado, numero_puesto, espacio_asignado) VALUES (48, 'Central', 14,20.0);	
INSERT INTO Almacenaje(numero_almacen, nombre_mercado, numero_puesto, espacio_asignado) VALUES (48, 'Central', 24,20.0);	
INSERT INTO Almacenaje(numero_almacen, nombre_mercado, numero_puesto, espacio_asignado) VALUES (48,'Central',34,20.0);	
INSERT INTO Almacenaje(numero_almacen, nombre_mercado, numero_puesto, espacio_asignado) VALUES (48, 'Central', 16,20.0);
INSERT INTO Almacenaje(numero_almacen, nombre_mercado, numero_puesto, espacio_asignado) VALUES (49, 'Central', 1,30.0);
INSERT INTO Almacenaje(numero_almacen, nombre_mercado, numero_puesto, espacio_asignado) VALUES (49,'Central',2,30.0);
INSERT INTO Almacenaje(numero_almacen, nombre_mercado, numero_puesto, espacio_asignado) VALUES (49, 'Central', 3,10.0);
INSERT INTO Almacenaje(numero_almacen, nombre_mercado, numero_puesto, espacio_asignado) VALUES (49, 'Central', 4,10.0);
INSERT INTO Almacenaje(numero_almacen, nombre_mercado, numero_puesto, espacio_asignado) VALUES (50,'Central',23,25.0);
INSERT INTO Almacenaje(numero_almacen, nombre_mercado, numero_puesto, espacio_asignado) VALUES (50, 'Central', 33,25.0);
INSERT INTO Almacenaje(numero_almacen, nombre_mercado, numero_puesto, espacio_asignado) VALUES (51, 'Central', 22,30.0);
INSERT INTO Almacenaje(numero_almacen, nombre_mercado, numero_puesto, espacio_asignado) VALUES (51,'Central',19,30.0);
INSERT INTO Almacenaje(numero_almacen, nombre_mercado, numero_puesto, espacio_asignado) VALUES (51, 'Central', 4,20.0);
INSERT INTO Almacenaje(numero_almacen, nombre_mercado, numero_puesto, espacio_asignado) VALUES (52, 'Central', 5,30.0);
INSERT INTO Almacenaje(numero_almacen, nombre_mercado, numero_puesto, espacio_asignado) VALUES (52,'Central',6,30.0);
INSERT INTO Almacenaje(numero_almacen, nombre_mercado, numero_puesto, espacio_asignado) VALUES (52, 'Central', 9,10.0);
INSERT INTO Almacenaje(numero_almacen, nombre_mercado, numero_puesto, espacio_asignado) VALUES (53, 'Central', 39,20.0);
INSERT INTO Almacenaje(numero_almacen, nombre_mercado, numero_puesto, espacio_asignado) VALUES (53,'Central',37,20.0);
INSERT INTO Almacenaje(numero_almacen, nombre_mercado, numero_puesto, espacio_asignado) VALUES (53, 'Central', 36,20.0);
INSERT INTO Almacenaje(numero_almacen, nombre_mercado, numero_puesto, espacio_asignado) VALUES (54, 'Central', 35,40.0);
INSERT INTO Almacenaje(numero_almacen, nombre_mercado, numero_puesto, espacio_asignado) VALUES (54,'Central',12,20.0);
INSERT INTO Almacenaje(numero_almacen, nombre_mercado, numero_puesto, espacio_asignado) VALUES (47, 'Central', 31,25.0);
INSERT INTO Almacenaje(numero_almacen, nombre_mercado, numero_puesto, espacio_asignado) VALUES (47, 'Central', 11,25.0);
INSERT INTO Almacenaje(numero_almacen, nombre_mercado, numero_puesto, espacio_asignado) VALUES (44,'Central',21,40.0);
INSERT INTO Almacenaje(numero_almacen, nombre_mercado, numero_puesto, espacio_asignado) VALUES (11, 'Sur', 9,60.0);
INSERT INTO Almacenaje(numero_almacen, nombre_mercado, numero_puesto, espacio_asignado) VALUES (13, 'Sur', 7,30.0);
INSERT INTO Almacenaje(numero_almacen, nombre_mercado, numero_puesto, espacio_asignado) VALUES (14,'Sur',5,40.0);
INSERT INTO Almacenaje(numero_almacen, nombre_mercado, numero_puesto, espacio_asignado) VALUES (12, 'Sur', 6,50.0);
INSERT INTO Almacenaje(numero_almacen, nombre_mercado, numero_puesto, espacio_asignado) VALUES (12, 'Sur', 7,50.0);
INSERT INTO Almacenaje(numero_almacen, nombre_mercado, numero_puesto, espacio_asignado) VALUES (14,'Sur',10,20.0);
INSERT INTO Almacenaje(numero_almacen, nombre_mercado, numero_puesto, espacio_asignado) VALUES (13, 'Sur', 9,30.0);
INSERT INTO Almacenaje(numero_almacen, nombre_mercado, numero_puesto, espacio_asignado) VALUES (13, 'Sur',8 ,30.0);
INSERT INTO Almacenaje(numero_almacen, nombre_mercado, numero_puesto, espacio_asignado) VALUES (14,'Sur',7,40.0);
INSERT INTO Almacenaje(numero_almacen, nombre_mercado, numero_puesto, espacio_asignado) VALUES (15, 'Sur', 6,20.0);
INSERT INTO Almacenaje(numero_almacen, nombre_mercado, numero_puesto, espacio_asignado) VALUES (15, 'Sur', 5,50.0);
INSERT INTO Almacenaje(numero_almacen, nombre_mercado, numero_puesto, espacio_asignado) VALUES (16,'Sur',4,40.0);
INSERT INTO Almacenaje(numero_almacen, nombre_mercado, numero_puesto, espacio_asignado) VALUES (16, 'Sur', 3,30.0);
INSERT INTO Almacenaje(numero_almacen, nombre_mercado, numero_puesto, espacio_asignado) VALUES (16, 'Sur', 2,30.0);
INSERT INTO Almacenaje(numero_almacen, nombre_mercado, numero_puesto, espacio_asignado) VALUES (17,'Sur',1,60.0);
INSERT INTO Almacenaje(numero_almacen, nombre_mercado, numero_puesto, espacio_asignado) VALUES (16, 'Norte', 9,50.0);
INSERT INTO Almacenaje(numero_almacen, nombre_mercado, numero_puesto, espacio_asignado) VALUES (13, 'Norte', 7,30.0);
INSERT INTO Almacenaje(numero_almacen, nombre_mercado, numero_puesto, espacio_asignado) VALUES (14,'Norte',5,20.0);
INSERT INTO Almacenaje(numero_almacen, nombre_mercado, numero_puesto, espacio_asignado) VALUES (12, 'Norte', 6,50.0);
INSERT INTO Almacenaje(numero_almacen, nombre_mercado, numero_puesto, espacio_asignado) VALUES (12, 'Norte', 7,50.0);
INSERT INTO Almacenaje(numero_almacen, nombre_mercado, numero_puesto, espacio_asignado) VALUES (14,'Norte',10,20.0);
INSERT INTO Almacenaje(numero_almacen, nombre_mercado, numero_puesto, espacio_asignado) VALUES (13, 'Norte', 9,30.0);
INSERT INTO Almacenaje(numero_almacen, nombre_mercado, numero_puesto, espacio_asignado) VALUES (13, 'Norte',8,20.0 );
INSERT INTO Almacenaje(numero_almacen, nombre_mercado, numero_puesto, espacio_asignado) VALUES (14,'Norte',7,20.0);
INSERT INTO Almacenaje(numero_almacen, nombre_mercado, numero_puesto, espacio_asignado) VALUES (15, 'Norte', 6,60.0);
INSERT INTO Almacenaje(numero_almacen, nombre_mercado, numero_puesto, espacio_asignado) VALUES (15, 'Norte', 5,40.0);
INSERT INTO Almacenaje(numero_almacen, nombre_mercado, numero_puesto, espacio_asignado) VALUES (18,'Norte',4,10.0);
INSERT INTO Almacenaje(numero_almacen, nombre_mercado, numero_puesto, espacio_asignado) VALUES (18, 'Norte', 3,20.0);
INSERT INTO Almacenaje(numero_almacen, nombre_mercado, numero_puesto, espacio_asignado) VALUES (18, 'Norte', 2,10.0);
INSERT INTO Almacenaje(numero_almacen, nombre_mercado, numero_puesto, espacio_asignado) VALUES (17,'Norte',1,40.0);

-- Personas familiares	
INSERT INTO Persona(dni, nombre, apellido01, apellido02, fecha_nac, numero_ss) 
VALUES ('14765833V', 'Abelardo', 'Pfannerstill', 'Dooley', '1964-08-15', '117c12c8-7384-363d-9');
INSERT INTO Persona(dni, nombre, apellido01, apellido02, fecha_nac, numero_ss) 
VALUES ('10241574L', 'Ilene', 'Keebler', 'Greenfelder', '1967-03-04', '3aa0887c-bdf6-3c08-8');
INSERT INTO Persona(dni, nombre, apellido01, apellido02, fecha_nac, numero_ss) 
VALUES ('31000661L', 'Florencio', 'Von', 'Ortiz', '1953-12-23', 'c6a4a103-9d74-3f6b-a');
INSERT INTO Persona(dni, nombre, apellido01, apellido02, fecha_nac, numero_ss) 
VALUES ('30887000R', 'Elenora', 'Stracke', 'Turcotte', '1998-09-22', 'dddee04e-99c0-311f-b');
INSERT INTO Persona(dni, nombre, apellido01, apellido02, fecha_nac, numero_ss) 
VALUES ('26305689Z', 'Jaycee', 'Block', 'Goldner', '1947-01-03', '81557162-bbfe-3b12-9');
INSERT INTO Persona(dni, nombre, apellido01, apellido02, fecha_nac, numero_ss) 
VALUES ('23662625H', 'Abigale', 'Tremblay', 'Farrell', '1980-02-20', '85e79d2f-8f03-34d3-9');
INSERT INTO Persona(dni, nombre, apellido01, apellido02, fecha_nac, numero_ss) 
VALUES ('23732590V', 'Griffin', 'Cole', 'Parker', '1976-01-11', '866171f7-d470-3d85-9');
INSERT INTO Persona(dni, nombre, apellido01, apellido02, fecha_nac, numero_ss) 
VALUES ('31679257T', 'Teresa', 'Leffler', 'Turcotte', '1960-08-17', 'd22927fd-dede-3c53-8');

--Persona - Encargados de algun mercado
INSERT INTO Persona(dni, nombre, apellido01, apellido02, fecha_nac, numero_ss) 
VALUES ('21996461C', 'Damien', 'Von', 'Bergnaum', '1929-10-22', 'f5a1953f-09ec-38a4-b');
INSERT INTO Persona(dni, nombre, apellido01, apellido02, fecha_nac, numero_ss) 
VALUES ('10982461F', 'Sharon', 'Bashirian', 'Bergstrom', '1950-09-28', '8d91988c-7d35-3fbd-a');
INSERT INTO Persona(dni, nombre, apellido01, apellido02, fecha_nac, numero_ss) 
VALUES ('12588130T', 'Miller', 'Blanda', 'Murphy', '1997-10-12', '638164ab-4639-3e5c-b');
INSERT INTO Persona(dni, nombre, apellido01, apellido02, fecha_nac, numero_ss) 
VALUES ('14962783H', 'Jan', 'Swift', 'Lebsack', '1929-12-02', '0899cc8e-1ca3-3d6b-a');
INSERT INTO Persona(dni, nombre, apellido01, apellido02, fecha_nac, numero_ss) 
VALUES ('13197319B', 'Blake', 'Padberg', 'Pfeffer', '1969-03-29', '146defd3-b223-3094-b');
INSERT INTO Persona(dni, nombre, apellido01, apellido02, fecha_nac, numero_ss) 
VALUES ('14614057H', 'Estevan', 'Berge', 'Schroeder', '1958-01-10', 'b8ea1bdf-071e-37b8-9');	
INSERT INTO Persona(dni, nombre, apellido01, apellido02, fecha_nac, numero_ss) 
VALUES ('15756407G', 'Aisha', 'Rolfson', 'Prohaska', '1992-09-09', 'f37c298d-8813-39f8-8');
INSERT INTO Persona(dni, nombre, apellido01, apellido02, fecha_nac, numero_ss) 
VALUES ('15803378D', 'Myron', 'Schuppe', 'Weimann', '1964-05-13', '9aa6cc26-7b1f-3378-9');
INSERT INTO Persona(dni, nombre, apellido01, apellido02, fecha_nac, numero_ss) 
VALUES ('17339047Z', 'Graham', 'McLaughlin', 'Krajcik', '1980-02-25', '01beb30a-a98b-3b22-b');


--Persona - Veterinarios
INSERT INTO Persona(dni, nombre, apellido01, apellido02, fecha_nac, numero_ss) 
VALUES ('17645745Z' , 'Viviane', 'Gerlach', 'Shanahan', '1939-11-09', '9ef27fcb-1e59-3516-a');
INSERT INTO Persona(dni, nombre, apellido01, apellido02, fecha_nac, numero_ss) 
VALUES ('18327954J', 'Alessandra', 'Brown', 'Von', '1932-10-20', '80d18030-20ed-3572-8');
INSERT INTO Persona(dni, nombre, apellido01, apellido02, fecha_nac, numero_ss) 
VALUES ('18685288L', 'Pascale', 'Kris', 'Donnelly', '1966-05-06', 'da8a4b1f-459b-3ab8-8');
INSERT INTO Persona(dni, nombre, apellido01, apellido02, fecha_nac, numero_ss) 
VALUES ('19626710N', 'Wilma', 'McCullough', 'Kihn', '1971-02-10', '5368b585-9429-3dd9-b');
INSERT INTO Persona(dni, nombre, apellido01, apellido02, fecha_nac, numero_ss) 
VALUES ('20208571N', 'Herminio', 'Friesen', 'Koch', '1987-04-30', '7ed6a6ca-271b-385a-a');
INSERT INTO Persona(dni, nombre, apellido01, apellido02, fecha_nac, numero_ss) 
VALUES ('20352859K', 'Clement', 'Pacocha', 'Lesch', '1986-10-22', 'a08d942e-3e67-32bf-b');
INSERT INTO Persona(dni, nombre, apellido01, apellido02, fecha_nac, numero_ss) 
VALUES ('20599254V', 'Roger', 'Blick', 'Roberts', '1932-09-26', '95eb5538-8161-340c-9');
INSERT INTO Persona(dni, nombre, apellido01, apellido02, fecha_nac, numero_ss) 
VALUES ('20933387Y', 'Ned', 'Johnson', 'Connell', '1936-12-03', '1c794e9d-6c61-3ffd-b');
INSERT INTO Persona(dni, nombre, apellido01, apellido02, fecha_nac, numero_ss) 
VALUES ('21595192D', 'Tania', 'Armstrong', 'Smith', '1936-02-24', '17864c59-5dba-3d7f-a');


--Persona - Personal auxiliar
INSERT INTO Persona(dni, nombre, apellido01, apellido02, fecha_nac, numero_ss) 
VALUES ('21768038X', 'Edgar', 'Zemlak', 'Haley', '1944-07-27', '9fe6b406-e692-3988-9');
INSERT INTO Persona(dni, nombre, apellido01, apellido02, fecha_nac, numero_ss) 
VALUES ('22680029M', 'Loraine', 'Feil', 'Jacobs', '1970-07-21', 'd2649051-1357-381c-b');
INSERT INTO Persona(dni, nombre, apellido01, apellido02, fecha_nac, numero_ss) 
VALUES ('22892651C', 'Dorothy', 'Streich', 'Wilderman', '1934-02-05', 'c1e867b9-ee18-3450-a');
INSERT INTO Persona(dni, nombre, apellido01, apellido02, fecha_nac, numero_ss) 
VALUES ('23150530E', 'Delta', 'Quigley', 'Okuneva', '1958-05-20', '2411ac63-bda8-388b-b');		
INSERT INTO Persona(dni, nombre, apellido01, apellido02, fecha_nac, numero_ss) 
VALUES ('24502191S', 'Myles', 'Wehner', 'Marquardt', '1963-07-29', '82c16ab6-ff2f-34e0-9');
INSERT INTO Persona(dni, nombre, apellido01, apellido02, fecha_nac, numero_ss) 
VALUES ('25712599W', 'Ciara', 'Gleason', 'Morissette', '1980-06-09', '16477c65-de9a-3d91-9');
INSERT INTO Persona(dni, nombre, apellido01, apellido02, fecha_nac, numero_ss) 
VALUES ('25940254A', 'Kaya', 'Stark', 'Kozey', '1961-07-12', '1c3052f8-9fe1-3cb5-9');
INSERT INTO Persona(dni, nombre, apellido01, apellido02, fecha_nac, numero_ss) 
VALUES ('25988245Q', 'Odessa', 'Lynch', 'Spinka', '1931-12-30', 'ace4d0aa-25d4-30ea-8');	
INSERT INTO Persona(dni, nombre, apellido01, apellido02, fecha_nac, numero_ss) 
VALUES ('26604668Q', 'Maddison', 'Crist', 'Wehner', '1986-12-28', '6d9819bc-bdb2-3d69-b');


--Persona - Dependientes 
INSERT INTO Persona(dni, nombre, apellido01, apellido02, fecha_nac, numero_ss)
VALUES ('271463789F','Kaia', 'Green', 'Beatty', '1977-10-04', 'd3086655-2a46-3f69-b');
INSERT INTO Persona(dni, nombre, apellido01, apellido02, fecha_nac, numero_ss)
VALUES ('278095922Q','Marquise', 'Spencer', 'Boyer', '1969-05-14', '35ce77a6-54a7-3013-b');
INSERT INTO Persona(dni, nombre, apellido01, apellido02, fecha_nac, numero_ss)
VALUES ('278646886G','Horace', 'Lesch', 'Huel', '1950-04-15', 'e31b7504-6c67-3453-9');
INSERT INTO Persona(dni, nombre, apellido01, apellido02, fecha_nac, numero_ss)
VALUES ('289164230H','Barton', 'Parisian', 'Lind', '1967-10-24', '53027b79-3faf-3542-9');
INSERT INTO Persona(dni, nombre, apellido01, apellido02, fecha_nac, numero_ss)
VALUES ('299340721D','Cade', 'Botsford', 'Luettgen', '1948-11-08', 'efae147f-5d78-328c-a');
INSERT INTO Persona(dni, nombre, apellido01, apellido02, fecha_nac, numero_ss)
VALUES ('309181773J','Pierre', 'Jakubowski', 'Hickle', '1954-08-09', '047e1518-7a88-36c1-9');
INSERT INTO Persona(dni, nombre, apellido01, apellido02, fecha_nac, numero_ss)
VALUES ('114348979A','Andrew','Roob','Carter','1970-01-01','75fc0ac6-45c1-347c-b');
INSERT INTO Persona(dni, nombre, apellido01, apellido02, fecha_nac, numero_ss)
VALUES ('115110916B','Elmer','Davis','Hessel','1970-01-01','7294bfac-42f8-3a5d-9');
INSERT INTO Persona(dni, nombre, apellido01, apellido02, fecha_nac, numero_ss)
VALUES ('119341628C','Jaquelin','Powlowski','Wiza','1970-01-01','646fcaab-6b2a-34d7-9');
INSERT INTO Persona(dni, nombre, apellido01, apellido02, fecha_nac, numero_ss)
VALUES ('129647528D','Jeanne','Rogahn','Boehm','1970-01-01','7cf2e70e-3fdf-3ba1-b');
INSERT INTO Persona(dni, nombre, apellido01, apellido02, fecha_nac, numero_ss)
VALUES ('133668680E','Micaela','Heller','Vandervort','1970-01-01','6af64fd4-1a45-3d52-b');
INSERT INTO Persona(dni, nombre, apellido01, apellido02, fecha_nac, numero_ss)
VALUES ('163736821F','Augusta','Monahan','Glover','1970-01-01','86737930-98c9-3984-b');
INSERT INTO Persona(dni, nombre, apellido01, apellido02, fecha_nac, numero_ss)
VALUES ('192831485G','Josianne','Huels','Dicki','1970-01-01','98df5d91-ea19-3176-8');		

--Personas 
INSERT INTO Persona(dni, nombre, apellido01, apellido02, fecha_nac, numero_ss)
VALUES ('198185344G','Wilfrid','Denesik','Schneider','1970-01-01','6fce1002-cfbf-352e-8');
INSERT INTO Persona(dni, nombre, apellido01, apellido02, fecha_nac, numero_ss)
VALUES ('206969938S','Rollin','Gusikowski','Dicki','1970-01-01','3e3ea8df-94c9-3956-8');
INSERT INTO Persona(dni, nombre, apellido01, apellido02, fecha_nac, numero_ss)
VALUES ('224300362M','Kenya','Corkery','Grady','1970-01-01','a856613d-832d-347e-a');
INSERT INTO Persona(dni, nombre, apellido01, apellido02, fecha_nac, numero_ss)
VALUES ('225018119N','Felicity','Flatley','Glover','1970-01-01','87c91c00-9213-3396-a');
INSERT INTO Persona(dni, nombre, apellido01, apellido02, fecha_nac, numero_ss)
VALUES ('230623250B','Krystel','Stroman','Beahan','1970-01-01','148e8437-33d8-302c-8');
INSERT INTO Persona(dni, nombre, apellido01, apellido02, fecha_nac, numero_ss)
VALUES ('235843343P','Quinn','Sawayn','Kilback','1970-01-01','e0ea761a-6ce3-36c6-8');
INSERT INTO Persona(dni, nombre, apellido01, apellido02, fecha_nac, numero_ss)
VALUES ('243415720Q','Rosanna','Cruickshank','Walsh','1970-01-01','cd4500ec-bde2-3ef2-9');
INSERT INTO Persona(dni, nombre, apellido01, apellido02, fecha_nac, numero_ss)
VALUES ('250161517Q','Marlen','Wyman','Conn','1970-01-01','dcf1c276-97c8-3fa2-9');
INSERT INTO Persona(dni, nombre, apellido01, apellido02, fecha_nac, numero_ss)
VALUES ('252392938E','Alphonso','Hane','Rippin','1970-01-01','301771e0-5a7e-3bef-8');
INSERT INTO Persona(dni, nombre, apellido01, apellido02, fecha_nac, numero_ss)
VALUES ('258036115H','Wendell','Collins','Predovic','1970-01-01','c52237b5-4af8-36b4-a');
INSERT INTO Persona(dni, nombre, apellido01, apellido02, fecha_nac, numero_ss)
VALUES ('263583821J','Lorenza','Schmeler','Brown','1970-01-01','afc8c407-7760-3cad-b');
INSERT INTO Persona(dni, nombre, apellido01, apellido02, fecha_nac, numero_ss)
VALUES ('272281579L','Kurt','Osinski','Wisozk','1970-01-01','8fa3500e-1bd6-3d6f-b');
INSERT INTO Persona(dni, nombre, apellido01, apellido02, fecha_nac, numero_ss)
VALUES ('276260212S','Elinor','Gleason','Waters','1970-01-01','1b8d13d2-c341-3a4c-8');
INSERT INTO Persona(dni, nombre, apellido01, apellido02, fecha_nac, numero_ss)
VALUES ('289308103A','Colton','Upton','On','1970-01-01','c8300852-e30c-334f-b');
INSERT INTO Persona(dni, nombre, apellido01, apellido02, fecha_nac, numero_ss)
VALUES ('314448450Z','Frederic','Zboncak','Ryan','1970-01-01','29d957a8-b61b-3e49-a');
INSERT INTO Persona(dni, nombre, apellido01, apellido02, fecha_nac, numero_ss)
VALUES ('337171965V','Idell','Ferry','Feest','1970-01-01','261c0c61-34f9-3401-8');
INSERT INTO Persona(dni, nombre, apellido01, apellido02, fecha_nac, numero_ss)
VALUES ('338406448V','Ericka','Streich','Murphy','1970-01-01','94f79ed2-3854-3ea0-8');
INSERT INTO Persona(dni, nombre, apellido01, apellido02, fecha_nac, numero_ss)
VALUES ('369602676R','Caden','Rodriguez','OKeefe','1970-01-01','f5bd5169-61c3-3eec-a');
INSERT INTO Persona(dni, nombre, apellido01, apellido02, fecha_nac, numero_ss)
VALUES ('405599481E','Wyatt','Parisian','Schulist','1970-01-01','2dda5fba-8227-3916-a');
INSERT INTO Persona(dni, nombre, apellido01, apellido02, fecha_nac, numero_ss)
VALUES ('485387930P','Dianna','Raynor','Gerhold','1970-01-01','a14db452-cac8-3cb7-9');
INSERT INTO Persona(dni, nombre, apellido01, apellido02, fecha_nac, numero_ss)
VALUES ('510345181I','Alysa','Kshlerin','Feeney','1970-01-01','4a6b795e-fa16-3238-9');
INSERT INTO Persona(dni, nombre, apellido01, apellido02, fecha_nac, numero_ss)
VALUES ('520077898U','Natalia','Bosco','Larkin','1970-01-01','bb39be03-760c-3483-a');
INSERT INTO Persona(dni, nombre, apellido01, apellido02, fecha_nac, numero_ss)
VALUES ('523104204U','Katheryn','Dickinson','Macejkovic','1970-01-01','1be228a8-de1d-3ea2-9');
INSERT INTO Persona(dni, nombre, apellido01, apellido02, fecha_nac, numero_ss)
VALUES ('537780605N','Raul','Jacobi','Stracke','1970-01-01','bfb31404-1e0c-3858-a');
INSERT INTO Persona(dni, nombre, apellido01, apellido02, fecha_nac, numero_ss)
VALUES ('560553402M','Daphney','Schultz','Gleason','1970-01-01','4bc966f4-706d-3a15-a');
INSERT INTO Persona(dni, nombre, apellido01, apellido02, fecha_nac, numero_ss)
VALUES ('564129883D','Barbara','Yost','Kirlin','1970-01-01','8f501796-e10a-3088-9');
INSERT INTO Persona(dni, nombre, apellido01, apellido02, fecha_nac, numero_ss)
VALUES ('571140392R','Terrence','Jast','Hagenes','1970-01-01','daf89c4d-e34e-3c95-9');
INSERT INTO Persona(dni, nombre, apellido01, apellido02, fecha_nac, numero_ss)
VALUES ('582347197E','Kasandra','Schinner','Trantow','1970-01-01','81a89eae-10fe-3fa4-b');
INSERT INTO Persona(dni, nombre, apellido01, apellido02, fecha_nac, numero_ss)
VALUES ('599488317E','Mabelle','Cartwright','Marvin','1970-01-01','ac7d0bf5-c410-3367-9');
INSERT INTO Persona(dni, nombre, apellido01, apellido02, fecha_nac, numero_ss)
VALUES ('603817247X','Angelina','Schultz','Wuckert','1970-01-01','99774717-61df-38a8-a');
INSERT INTO Persona(dni, nombre, apellido01, apellido02, fecha_nac, numero_ss)
VALUES ('623888297W','Jesse','Denesik','Harber','1970-01-01','3452ef0e-77a4-31df-b');
INSERT INTO Persona(dni, nombre, apellido01, apellido02, fecha_nac, numero_ss)
VALUES ('640414246L','Ryder','Hirthe','Nitzsche','1970-01-01','dd3cb055-f05b-3170-9');
INSERT INTO Persona(dni, nombre, apellido01, apellido02, fecha_nac, numero_ss)
VALUES ('716092596I','Jakob','Murphy','Koss','1970-01-01','6c6faf88-8c34-3a91-9');
INSERT INTO Persona(dni, nombre, apellido01, apellido02, fecha_nac, numero_ss)
VALUES ('729305999Y','Durward','Lowe','Kuhic','1970-01-01','58a1468f-f17b-3751-a');
INSERT INTO Persona(dni, nombre, apellido01, apellido02, fecha_nac, numero_ss)
VALUES ('769234589T','Tanya','Mante','McDermott','1970-01-01','83d4f434-a696-32b8-b');
INSERT INTO Persona(dni, nombre, apellido01, apellido02, fecha_nac, numero_ss)
VALUES ('792709150L','Chelsey','Labadie','Grant','1970-01-01','2bedabc1-51db-30d4-a');
INSERT INTO Persona(dni, nombre, apellido01, apellido02, fecha_nac, numero_ss)
VALUES ('805949250K','Renee','Wyman','Hessel','1970-01-01','c225c922-6d7a-3fdf-a');
INSERT INTO Persona(dni, nombre, apellido01, apellido02, fecha_nac, numero_ss)
VALUES ('808722650I','Zora','Berge','Witting','1970-01-01','036e4a87-ca2e-3bb7-a');
INSERT INTO Persona(dni, nombre, apellido01, apellido02, fecha_nac, numero_ss)
VALUES ('818637975U','Kiarra','Parker','Nicolas','1970-01-01','ca25d385-98c9-3d61-8');
INSERT INTO Persona(dni, nombre, apellido01, apellido02, fecha_nac, numero_ss)
VALUES ('826922827Z','Creola','Reynolds','Braun','1970-01-01','0299d7d8-3efa-3477-8');
INSERT INTO Persona(dni, nombre, apellido01, apellido02, fecha_nac, numero_ss)
VALUES ('840327191C','Felicita','Collins','Hyatt','1970-01-01','11083a84-da5e-3759-b');
INSERT INTO Persona(dni, nombre, apellido01, apellido02, fecha_nac, numero_ss)
VALUES ('844438001C','Cornelius','Mann','Haley','1970-01-01','07c9b1c6-26f8-3be6-a');
INSERT INTO Persona(dni, nombre, apellido01, apellido02, fecha_nac, numero_ss)
VALUES ('858021711R','Emely','Nicolas','Herzog','1970-01-01','c5daaaf5-3557-3527-9');
INSERT INTO Persona(dni, nombre, apellido01, apellido02, fecha_nac, numero_ss)
VALUES ('865687204T','Rylee','Schulist','Pouros','1970-01-01','a767e2fc-0456-36de-b');
INSERT INTO Persona(dni, nombre, apellido01, apellido02, fecha_nac, numero_ss)
VALUES ('865884067H','Laurence','Johnston','Kuphal','1970-01-01','9432b039-fec1-3500-9');
INSERT INTO Persona(dni, nombre, apellido01, apellido02, fecha_nac, numero_ss)
VALUES ('872114598G','Samanta','Gusikowski','DuBuque','1970-01-01','c13793a4-70a4-3e08-a');
INSERT INTO Persona(dni, nombre, apellido01, apellido02, fecha_nac, numero_ss)
VALUES ('878962264F','Armani','Friesen','White','1970-01-01','bba753a8-6caf-339f-8');
INSERT INTO Persona(dni, nombre, apellido01, apellido02, fecha_nac, numero_ss)
VALUES ('892858509D','Peyton','Boyer','Jakubowski','1970-01-01','5be16d01-f7b2-396b-a');
INSERT INTO Persona(dni, nombre, apellido01, apellido02, fecha_nac, numero_ss)
VALUES ('919420197S','Kelli','Torphy','Schulist','1970-01-01','91ee2145-3fe9-38aa-9');
INSERT INTO Persona(dni, nombre, apellido01, apellido02, fecha_nac, numero_ss)
VALUES ('941142247A','Barney','Murray','Windler','1970-01-01','60c70f74-f24e-3869-a');
INSERT INTO Persona(dni, nombre, apellido01, apellido02, fecha_nac, numero_ss)
VALUES ('959226219O','Carolyn','Feest','Keeling','1970-01-01','2862a339-dce0-3dc1-9');
INSERT INTO Persona(dni, nombre, apellido01, apellido02, fecha_nac, numero_ss)
VALUES ('994332347P','Jamarcus','Feest','Lind','1970-01-01','515c5bb2-54e1-311f-a');
INSERT INTO Persona(dni, nombre, apellido01, apellido02, fecha_nac, numero_ss)
VALUES ('998777860L','Evert','Towne','Frami','1970-01-01','56d99d76-941d-30dd-a');


--Familiares
INSERT INTO Familiar (dni_familiar01, dni_familiar02) VALUES ('14765833V','10241574L');
INSERT INTO Familiar (dni_familiar01, dni_familiar02) VALUES ('31000661L','30887000R');
INSERT INTO Familiar (dni_familiar01, dni_familiar02) VALUES ('26305689Z','23662625H');
INSERT INTO Familiar (dni_familiar01, dni_familiar02) VALUES ('23732590V','31679257T');


--EmpleoMercado - Encargados       
INSERT INTO EmpleoMercado (dni, nombre_mercado, numero_cargo, fecha_inicio, fecha_fin) 
VALUES ('21996461C','Central',0,'16-11-1971','18-03-1989');
INSERT INTO EmpleoMercado (dni, nombre_mercado, numero_cargo, fecha_inicio, fecha_fin) 
VALUES ('10982461F','Central',0,'18-03-1989','21-07-2001');
INSERT INTO EmpleoMercado (dni, nombre_mercado, numero_cargo, fecha_inicio, fecha_fin) 
VALUES ('12588130T','Central',0,'21-07-2001',null);
INSERT INTO EmpleoMercado (dni, nombre_mercado, numero_cargo, fecha_inicio, fecha_fin) 
VALUES ('14962783H', 'Sur',0,'16-01-1972','18-03-1986');
INSERT INTO EmpleoMercado (dni, nombre_mercado, numero_cargo, fecha_inicio, fecha_fin) 
VALUES ('13197319B', 'Sur',0,'18-03-1986','18-09-2004');
INSERT INTO EmpleoMercado (dni, nombre_mercado, numero_cargo, fecha_inicio, fecha_fin) 
VALUES ('14614057H', 'Sur',0,'18-09-2004',null);
INSERT INTO EmpleoMercado (dni, nombre_mercado, numero_cargo, fecha_inicio, fecha_fin) 
VALUES ('15756407G', 'Norte',0,'06-01-1975','08-12-1986');
INSERT INTO EmpleoMercado (dni, nombre_mercado, numero_cargo, fecha_inicio, fecha_fin) 
VALUES ('15803378D', 'Norte',0,'08-12-1986','03-09-2004');
INSERT INTO EmpleoMercado (dni, nombre_mercado, numero_cargo, fecha_inicio, fecha_fin) 
VALUES ('17339047Z', 'Norte',0,'03-09-2004',null);


--EmpleoMercado - Veterinarios
INSERT INTO EmpleoMercado (dni, nombre_mercado, numero_cargo, fecha_inicio, fecha_fin) 
VALUES ('17645745Z' ,'Central',1,'16-11-1971','18-03-1989');
INSERT INTO EmpleoMercado (dni, nombre_mercado, numero_cargo, fecha_inicio, fecha_fin) 
VALUES ('18327954J','Central',1,'18-03-1989','21-07-2001');
INSERT INTO EmpleoMercado (dni, nombre_mercado, numero_cargo, fecha_inicio, fecha_fin) 
VALUES ('18685288L','Central',1,'21-07-2001',null);
INSERT INTO EmpleoMercado (dni, nombre_mercado, numero_cargo, fecha_inicio, fecha_fin) 
VALUES ('19626710N', 'Sur',1,'16-01-1972','18-03-1986');
INSERT INTO EmpleoMercado (dni, nombre_mercado, numero_cargo, fecha_inicio, fecha_fin) 
VALUES ('20208571N', 'Sur',1,'18-03-1986','18-09-2004');
INSERT INTO EmpleoMercado (dni, nombre_mercado, numero_cargo, fecha_inicio, fecha_fin) 
VALUES ('20352859K', 'Sur',1,'18-09-2004',null);
INSERT INTO EmpleoMercado (dni, nombre_mercado, numero_cargo, fecha_inicio, fecha_fin) 
VALUES ('20599254V', 'Norte',1,'06-01-1975','08-12-1986');
INSERT INTO EmpleoMercado (dni, nombre_mercado, numero_cargo, fecha_inicio, fecha_fin) 
VALUES ('20933387Y', 'Norte',1,'08-12-1986','03-09-2004');
INSERT INTO EmpleoMercado (dni, nombre_mercado, numero_cargo, fecha_inicio, fecha_fin) 
VALUES ('21595192D', 'Norte',1,'03-09-2004',null);

--EmpleoMercado - Personal auxiliar 
INSERT INTO EmpleoMercado (dni, nombre_mercado, numero_cargo, fecha_inicio, fecha_fin) 
VALUES ('21768038X','Central',2,'16-11-1971','18-03-1989');
INSERT INTO EmpleoMercado (dni, nombre_mercado, numero_cargo, fecha_inicio, fecha_fin) 
VALUES ('22680029M','Central',2,'18-03-1989','21-07-2001');
INSERT INTO EmpleoMercado (dni, nombre_mercado, numero_cargo, fecha_inicio, fecha_fin) 
VALUES ('22892651C','Central',2,'21-07-2001',null);
INSERT INTO EmpleoMercado (dni, nombre_mercado, numero_cargo, fecha_inicio, fecha_fin) 
VALUES ('23150530E', 'Sur',2,'16-01-1972','18-03-1986');
INSERT INTO EmpleoMercado (dni, nombre_mercado, numero_cargo, fecha_inicio, fecha_fin) 
VALUES ('24502191S', 'Sur',2,'18-03-1986','18-09-2004');
INSERT INTO EmpleoMercado (dni, nombre_mercado, numero_cargo, fecha_inicio, fecha_fin) 
VALUES ('25712599W', 'Sur',2,'18-09-2004',null);
INSERT INTO EmpleoMercado (dni, nombre_mercado, numero_cargo, fecha_inicio, fecha_fin) 
VALUES ('25940254A', 'Norte',2,'06-01-1975','08-12-1986');
INSERT INTO EmpleoMercado (dni, nombre_mercado, numero_cargo, fecha_inicio, fecha_fin) 
VALUES ('25988245Q', 'Norte',2,'08-12-1986','03-09-2004');
INSERT INTO EmpleoMercado (dni, nombre_mercado, numero_cargo, fecha_inicio, fecha_fin) 
VALUES ('26604668Q', 'Norte',2,'03-09-2004',null);
		   

-- Dependiente puesto
INSERT INTO DependientePuesto(dni, nombre_mercado, numero_local, fecha_inicio, fecha_fin) 
VALUES ('271463789F',	'Central', 	1,	'2003-09-11', 	'2012-03-15');
INSERT INTO DependientePuesto(dni, nombre_mercado, numero_local, fecha_inicio, fecha_fin) 
VALUES ('278095922Q',	'Central',	2, 	'2005-07-04', 	null);
INSERT INTO DependientePuesto(dni, nombre_mercado, numero_local, fecha_inicio, fecha_fin) 
VALUES ('278646886G',	'Central',	3, 	'2008-05-23', 	'2016-03-12');
INSERT INTO DependientePuesto(dni, nombre_mercado, numero_local, fecha_inicio, fecha_fin) 
VALUES ('289164230H',	'Central',	4, 	'2011-07-01', 	null);
INSERT INTO DependientePuesto(dni, nombre_mercado, numero_local, fecha_inicio, fecha_fin) 
VALUES ('299340721D',	'Central',	5, 	'2017-08-03', 	null);
INSERT INTO DependientePuesto(dni, nombre_mercado, numero_local, fecha_inicio, fecha_fin) 
VALUES ('309181773J',	'Central',	8, 	'2008-02-17', 	'2010-05-11');
INSERT INTO DependientePuesto(dni, nombre_mercado, numero_local, fecha_inicio, fecha_fin) 
VALUES ('114348979A',	'Central',	10, '2004-07-30', 	'2009-01-20');
INSERT INTO DependientePuesto(dni, nombre_mercado, numero_local, fecha_inicio, fecha_fin) 
VALUES ('115110916B',	'Central',	10, '2009-01-30',	null);
INSERT INTO DependientePuesto(dni, nombre_mercado, numero_local, fecha_inicio, fecha_fin) 
VALUES ('119341628C',	'Central',	6, 	'1999-07-21',	null);
INSERT INTO DependientePuesto(dni, nombre_mercado, numero_local, fecha_inicio, fecha_fin) 
VALUES ('129647528D',	'Norte',	1,	'2002-09-11', 	'2016-03-15');
INSERT INTO DependientePuesto(dni, nombre_mercado, numero_local, fecha_inicio, fecha_fin) 
VALUES ('133668680E',	'Norte',	2, 	'2008-07-04',	 null);
INSERT INTO DependientePuesto(dni, nombre_mercado, numero_local, fecha_inicio, fecha_fin) 
VALUES ('163736821F',	'Sur',		1, 	'2008-05-23', 	'2017-03-12');
INSERT INTO DependientePuesto(dni, nombre_mercado, numero_local, fecha_inicio, fecha_fin) 
VALUES ('192831485G',	'Sur',		2, 	'2011-07-01', 	null);


--Licencia - Mercado CENTRAL	   
INSERT INTO Licencia(numero_licencia, dni, nombre_mercado, numero_local, numero_denominacion,
    ultimo_pago_canon, fecha_inicio, fecha_fin, deuda_agua, deuda_gas, deuda_luz,
    deuda_camara, deuda_residuos, dias_cerrados, obras_realizadas)
VALUES 	(1,'258036115H',	'Central', 7,  6, 	'2001-05-20', 	'1991-06-15', 	'2001-06-15', 0, 0, 0, 0, 0, 0,FALSE);
INSERT INTO Licencia(numero_licencia, dni, nombre_mercado, numero_local, numero_denominacion,
    ultimo_pago_canon, fecha_inicio, fecha_fin, deuda_agua, deuda_gas, deuda_luz,
    deuda_camara, deuda_residuos, dias_cerrados, obras_realizadas)
VALUES 	(2,'523104204U',	'Central', 16, 6, 	'2001-05-20', 	'1991-06-20', 	'2001-06-20', 0, 0, 0, 0, 0, 0,FALSE);
INSERT INTO Licencia(numero_licencia, dni, nombre_mercado, numero_local, numero_denominacion,
    ultimo_pago_canon, fecha_inicio, fecha_fin, deuda_agua, deuda_gas, deuda_luz,
    deuda_camara, deuda_residuos, dias_cerrados, obras_realizadas)
VALUES 	(3,'276260212S',	'Central', 10, 5, 	'2000-01-12', 	'1993-05-10', 	'2000-02-12', 0, 0, 0, 0, 0, 0,FALSE);
INSERT INTO Licencia(numero_licencia, dni, nombre_mercado, numero_local, numero_denominacion,
    ultimo_pago_canon, fecha_inicio, fecha_fin, deuda_agua, deuda_gas, deuda_luz,
    deuda_camara, deuda_residuos, dias_cerrados, obras_realizadas)
VALUES 	(4,'314448450Z',	'Central', 11, 0, 	'1995-08-10', 	'1993-08-22',  	'1995-09-10', 0, 0, 0, 0, 0, 0,FALSE);
INSERT INTO Licencia(numero_licencia, dni, nombre_mercado, numero_local, numero_denominacion,
    ultimo_pago_canon, fecha_inicio, fecha_fin, deuda_agua, deuda_gas, deuda_luz,
    deuda_camara, deuda_residuos, dias_cerrados, obras_realizadas)
VALUES 	(5,'369602676R',	'Central', 12, 1, 	'2013-07-22', 	'1993-08-02', 	'2013-08-02', 0, 0, 0, 0, 0, 0,FALSE);
INSERT INTO Licencia(numero_licencia, dni, nombre_mercado, numero_local, numero_denominacion,
    ultimo_pago_canon, fecha_inicio, fecha_fin, deuda_agua, deuda_gas, deuda_luz,
    deuda_camara, deuda_residuos, dias_cerrados, obras_realizadas)
VALUES 	(6,'537780605N',	'Central', 17, 6, 	'2013-07-22', 	'1993-08-22', 	'2013-08-22', 0, 0, 0, 0, 0, 0,FALSE);
INSERT INTO Licencia(numero_licencia, dni, nombre_mercado, numero_local, numero_denominacion,
    ultimo_pago_canon, fecha_inicio, fecha_fin, deuda_agua, deuda_gas, deuda_luz,
    deuda_camara, deuda_residuos, dias_cerrados, obras_realizadas)
VALUES 	(7,'272281579L',	'Central',  9, 5, 	'2004-11-06', 	'1994-12-06', 	'2004-12-06', 0, 0, 0, 0, 0, 0,FALSE);
INSERT INTO Licencia(numero_licencia, dni, nombre_mercado, numero_local, numero_denominacion,
    ultimo_pago_canon, fecha_inicio, fecha_fin, deuda_agua, deuda_gas, deuda_luz,
    deuda_camara, deuda_residuos, dias_cerrados, obras_realizadas)
VALUES 	(8,'263583821J',	'Central',  8, 6, 	'2005-04-15', 	'1995-05-15', 	'2005-05-15', 0, 0, 0, 0, 0, 0,FALSE);
INSERT INTO Licencia(numero_licencia, dni, nombre_mercado, numero_local, numero_denominacion,
    ultimo_pago_canon, fecha_inicio, fecha_fin, deuda_agua, deuda_gas, deuda_luz,
    deuda_camara, deuda_residuos, dias_cerrados, obras_realizadas)
VALUES 	(9,'337171965V',	'Central', 11, 0,  	'1999-11-02', 	'1995-09-10', 	'1999-12-02', 0, 0, 0, 0, 0, 0,FALSE);
INSERT INTO Licencia(numero_licencia, dni, nombre_mercado, numero_local, numero_denominacion,
    ultimo_pago_canon, fecha_inicio, fecha_fin, deuda_agua, deuda_gas, deuda_luz,
    deuda_camara, deuda_residuos, dias_cerrados, obras_realizadas)
VALUES 	(10,'338406448V',	'Central', 11, 0, 	'2013-07-22', 	'1999-12-02', 	'2013-08-22', 0, 0, 0, 0, 0, 0,FALSE);
INSERT INTO Licencia(numero_licencia, dni, nombre_mercado, numero_local, numero_denominacion,
    ultimo_pago_canon, fecha_inicio, fecha_fin, deuda_agua, deuda_gas, deuda_luz,
    deuda_camara, deuda_residuos, dias_cerrados, obras_realizadas)
VALUES 	(11,'564129883D',	'Central', 19, 4,  	'2009-11-02', 	'1999-12-02', 	'2009-12-02', 0, 0, 0, 0, 0, 0,FALSE);
INSERT INTO Licencia(numero_licencia, dni, nombre_mercado, numero_local, numero_denominacion,
    ultimo_pago_canon, fecha_inicio, fecha_fin, deuda_agua, deuda_gas, deuda_luz,
    deuda_camara, deuda_residuos, dias_cerrados, obras_realizadas)
VALUES 	(12,'289308103A',	'Central', 10, 5,  	'2003-04-10', 	'2000-02-12', 	'2003-05-10', 0, 0, 0, 0, 0, 0,FALSE);
INSERT INTO Licencia(numero_licencia, dni, nombre_mercado, numero_local, numero_denominacion,
    ultimo_pago_canon, fecha_inicio, fecha_fin, deuda_agua, deuda_gas, deuda_luz,
    deuda_camara, deuda_residuos, dias_cerrados, obras_realizadas)
VALUES 	(13,'603817247X',  	  'Norte',  1, 0, 	'2005-02-02', 	'2000-05-05',	'2005-03-02', 0, 0, 0, 0, 0, 0,FALSE);   
INSERT INTO Licencia(numero_licencia, dni, nombre_mercado, numero_local, numero_denominacion,
    ultimo_pago_canon, fecha_inicio, fecha_fin, deuda_agua, deuda_gas, deuda_luz,
    deuda_camara, deuda_residuos, dias_cerrados, obras_realizadas)
VALUES 	(14, '840327191C', 		'Sur',  1, 5, 	'2012-02-03', 	'2002-03-03', 	'2012-03-03', 0, 0, 0, 0, 0, 0,FALSE);
INSERT INTO Licencia(numero_licencia, dni, nombre_mercado, numero_local, numero_denominacion,
    ultimo_pago_canon, fecha_inicio, fecha_fin, deuda_agua, deuda_gas, deuda_luz,
    deuda_camara, deuda_residuos, dias_cerrados, obras_realizadas)
VALUES 	(15,  '844438001C',		'Sur',  2, 3, 	'2012-04-05', 	'2002-05-05', 	'2012-05-05', 0, 0, 0, 0, 0, 0,FALSE);
INSERT INTO Licencia(numero_licencia, dni, nombre_mercado, numero_local, numero_denominacion,
    ultimo_pago_canon, fecha_inicio, fecha_fin, deuda_agua, deuda_gas, deuda_luz,
    deuda_camara, deuda_residuos, dias_cerrados, obras_realizadas)
VALUES 	(16,'252392938E',	'Central',  6, 5, 	'2012-09-23', 	'2002-10-23', 	'2012-10-23', 0, 0, 0, 0, 0, 0,FALSE);
INSERT INTO Licencia(numero_licencia, dni, nombre_mercado, numero_local, numero_denominacion,
    ultimo_pago_canon, fecha_inicio, fecha_fin, deuda_agua, deuda_gas, deuda_luz,
    deuda_camara, deuda_residuos, dias_cerrados, obras_realizadas)
VALUES 	(17,'510345181I',	'Central', 15, 4, 	'2012-09-23', 	'2002-10-23', 	'2012-10-23', 0, 0, 0, 0, 0, 0,FALSE);
INSERT INTO Licencia(numero_licencia, dni, nombre_mercado, numero_local, numero_denominacion,
    ultimo_pago_canon, fecha_inicio, fecha_fin, deuda_agua, deuda_gas, deuda_luz,
    deuda_camara, deuda_residuos, dias_cerrados, obras_realizadas)
VALUES 	(18,'571140392R',	'Central', 20, 1, 	'2012-09-23', 	'2002-10-23', 	'2012-10-23', 0, 0, 0, 0, 0, 0,FALSE);
INSERT INTO Licencia(numero_licencia, dni, nombre_mercado, numero_local, numero_denominacion,
    ultimo_pago_canon, fecha_inicio, fecha_fin, deuda_agua, deuda_gas, deuda_luz,
    deuda_camara, deuda_residuos, dias_cerrados, obras_realizadas)
VALUES 	(19,'858021711R', 		'Sur',	3, 1,	'2013-07-08',	'2003-08-08',	'2013-08-08', 0, 0, 0, 0, 0, 0,FALSE);
INSERT INTO Licencia(numero_licencia, dni, nombre_mercado, numero_local, numero_denominacion,
    ultimo_pago_canon, fecha_inicio, fecha_fin, deuda_agua, deuda_gas, deuda_luz,
    deuda_camara, deuda_residuos, dias_cerrados, obras_realizadas)
VALUES 	(20,'872114598G',		'Sur',	5, 0, 	'2014-12-01',	'2005-01-01',	'2015-01-01', 0, 0, 0, 0, 0, 0,FALSE);
INSERT INTO Licencia(numero_licencia, dni, nombre_mercado, numero_local, numero_denominacion,
    ultimo_pago_canon, fecha_inicio, fecha_fin, deuda_agua, deuda_gas, deuda_luz,
    deuda_camara, deuda_residuos, dias_cerrados, obras_realizadas)
VALUES 	(21,'599488317E',  	  'Norte',	1, 0,	'2008-09-22', 	'2005-03-02',	'2008-10-22', 0, 0, 0, 0, 0, 0,FALSE);		
INSERT INTO Licencia(numero_licencia, dni, nombre_mercado, numero_local, numero_denominacion,
    ultimo_pago_canon, fecha_inicio, fecha_fin, deuda_agua, deuda_gas, deuda_luz,
    deuda_camara, deuda_residuos, dias_cerrados, obras_realizadas)
VALUES 	(22, '230623250B', 	'Central',  3, 2, 	'2015-04-13', 	'2005-05-13',	'2015-05-13', 0, 0, 0, 0, 0, 0,FALSE);
INSERT INTO Licencia(numero_licencia, dni, nombre_mercado, numero_local, numero_denominacion,
    ultimo_pago_canon, fecha_inicio, fecha_fin, deuda_agua, deuda_gas, deuda_luz,
    deuda_camara, deuda_residuos, dias_cerrados, obras_realizadas)
VALUES 	(23, '405599481E',	'Central', 13, 2, 	'2015-04-13', 	'2005-05-13',	'2015-05-13', 0, 0, 0, 0, 0, 0,FALSE);	
INSERT INTO Licencia(numero_licencia, dni, nombre_mercado, numero_local, numero_denominacion,
    ultimo_pago_canon, fecha_inicio, fecha_fin, deuda_agua, deuda_gas, deuda_luz,
    deuda_camara, deuda_residuos, dias_cerrados, obras_realizadas)
VALUES 	(24,'865884067H',		'Sur',	4, 2,	'2010-08-22',	'2005-11-11',	'2010-09-22', 0, 0, 0, 0, 0, 0,FALSE);
INSERT INTO Licencia(numero_licencia, dni, nombre_mercado, numero_local, numero_denominacion,
    ultimo_pago_canon, fecha_inicio, fecha_fin, deuda_agua, deuda_gas, deuda_luz,
    deuda_camara, deuda_residuos, dias_cerrados, obras_realizadas)
VALUES 	(25,'878962264F',		'Sur',	6, 0,	'2016-01-02',	'2006-02-02',	'2016-02-02', 0, 0, 0, 0, 0, 0,FALSE);
INSERT INTO Licencia(numero_licencia, dni, nombre_mercado, numero_local, numero_denominacion,
    ultimo_pago_canon, fecha_inicio, fecha_fin, deuda_agua, deuda_gas, deuda_luz,
    deuda_camara, deuda_residuos, dias_cerrados, obras_realizadas)
VALUES 	(26,'640414246L',	  'Norte',  2, 1,	'2008-12-15',	'2006-06-12',	'2009-01-15', 0, 0, 0, 0, 0, 0,FALSE);
INSERT INTO Licencia(numero_licencia, dni, nombre_mercado, numero_local, numero_denominacion,
    ultimo_pago_canon, fecha_inicio, fecha_fin, deuda_agua, deuda_gas, deuda_luz,
    deuda_camara, deuda_residuos, dias_cerrados, obras_realizadas)
VALUES 	(27,'716092596I',	  'Norte',  3, 2,	'2016-06-22',	'2006-07-22',	'2016-07-22', 0, 0, 0, 0, 0, 0,FALSE);
INSERT INTO Licencia(numero_licencia, dni, nombre_mercado, numero_local, numero_denominacion,
    ultimo_pago_canon, fecha_inicio, fecha_fin, deuda_agua, deuda_gas, deuda_luz,
    deuda_camara, deuda_residuos, dias_cerrados, obras_realizadas)
VALUES 	(28, '206969938S', 	'Central',  2, 1,	'2010-02-05', 	'2007-02-15', 	'2010-03-05', 0, 0, 0, 0, 0, 0,FALSE);
INSERT INTO Licencia(numero_licencia, dni, nombre_mercado, numero_local, numero_denominacion,
    ultimo_pago_canon, fecha_inicio, fecha_fin, deuda_agua, deuda_gas, deuda_luz,
    deuda_camara, deuda_residuos, dias_cerrados, obras_realizadas)
VALUES 	(29,'729305999Y',	  'Norte',  4, 3,	'2017-02-03',	'2007-03-03',	'2017-03-03', 0, 0, 0, 0, 0, 0,FALSE);
INSERT INTO Licencia(numero_licencia, dni, nombre_mercado, numero_local, numero_denominacion,
    ultimo_pago_canon, fecha_inicio, fecha_fin, deuda_agua, deuda_gas, deuda_luz,
    deuda_camara, deuda_residuos, dias_cerrados, obras_realizadas)
VALUES 	(30,'892858509D',		'Sur',	7, 1,	'2017-02-03',	'2007-03-03',	'2010-06-06', 0, 0, 0, 0, 0, 0,FALSE);
INSERT INTO Licencia(numero_licencia, dni, nombre_mercado, numero_local, numero_denominacion,
    ultimo_pago_canon, fecha_inicio, fecha_fin, deuda_agua, deuda_gas, deuda_luz,
    deuda_camara, deuda_residuos, dias_cerrados, obras_realizadas)
VALUES 	(31, '198185344G', 	'Central',  1, 0, 	'2017-12-25', 	'2008-01-25', 	'2018-01-25', 0, 0, 0, 0, 0, 0,FALSE);
INSERT INTO Licencia(numero_licencia, dni, nombre_mercado, numero_local, numero_denominacion,
    ultimo_pago_canon, fecha_inicio, fecha_fin, deuda_agua, deuda_gas, deuda_luz,
    deuda_camara, deuda_residuos, dias_cerrados, obras_realizadas)
VALUES 	(32, '485387930P', 	'Central', 14, 3, 	'2017-12-25', 	'2008-01-25', 	'2018-01-25', 0, 0, 0, 0, 0, 0,FALSE);
INSERT INTO Licencia(numero_licencia, dni, nombre_mercado, numero_local, numero_denominacion,
    ultimo_pago_canon, fecha_inicio, fecha_fin, deuda_agua, deuda_gas, deuda_luz,
    deuda_camara, deuda_residuos, dias_cerrados, obras_realizadas)
VALUES 	(33,'919420197S',		'Sur',	8, 2,	'2018-03-04',	'2008-04-04',	'2018-04-04', 0, 0, 0, 0, 0, 0,FALSE);
INSERT INTO Licencia(numero_licencia, dni, nombre_mercado, numero_local, numero_denominacion,
    ultimo_pago_canon, fecha_inicio, fecha_fin, deuda_agua, deuda_gas, deuda_luz,
    deuda_camara, deuda_residuos, dias_cerrados, obras_realizadas)
VALUES 	(34, '235843343P', 	'Central',  4, 3, 	'2018-09-17',	'2008-10-17', 	'2018-10-17', 0, 0, 0, 0, 0, 0,FALSE);		 
INSERT INTO Licencia(numero_licencia, dni, nombre_mercado, numero_local, numero_denominacion,
    ultimo_pago_canon, fecha_inicio, fecha_fin, deuda_agua, deuda_gas, deuda_luz,
    deuda_camara, deuda_residuos, dias_cerrados, obras_realizadas)
VALUES 	(35,'582347197E',	  'Norte',  1, 0, 	'2010-04-05', 	'2008-10-22', 	'2010-05-05', 0, 0, 0, 0, 0, 0,FALSE);
INSERT INTO Licencia(numero_licencia, dni, nombre_mercado, numero_local, numero_denominacion,
    ultimo_pago_canon, fecha_inicio, fecha_fin, deuda_agua, deuda_gas, deuda_luz,
    deuda_camara, deuda_residuos, dias_cerrados, obras_realizadas)
VALUES 	(36,'623888297W',	  'Norte',  2, 1,	'2016-05-12', 	'2009-01-15',	'2016-06-12', 0, 0, 0, 0, 0, 0,FALSE);
INSERT INTO Licencia(numero_licencia, dni, nombre_mercado, numero_local, numero_denominacion,
    ultimo_pago_canon, fecha_inicio, fecha_fin, deuda_agua, deuda_gas, deuda_luz,
    deuda_camara, deuda_residuos, dias_cerrados, obras_realizadas)
VALUES 	(37, '224300362M', 	'Central',  2, 1, 	'2012-04-09', 	'2010-03-05', 	'2012-05-09', 0, 0, 0, 0, 0, 0,FALSE);
INSERT INTO Licencia(numero_licencia, dni, nombre_mercado, numero_local, numero_denominacion,
    ultimo_pago_canon, fecha_inicio, fecha_fin, deuda_agua, deuda_gas, deuda_luz,
    deuda_camara, deuda_residuos, dias_cerrados, obras_realizadas)
VALUES 	(38,'941142247A',		'Sur',	9, 3,	'2018-11-01',	'2010-05-05',	'2020-05-05', 0, 0, 0, 0, 0, 0,FALSE);
INSERT INTO Licencia(numero_licencia, dni, nombre_mercado, numero_local, numero_denominacion,
    ultimo_pago_canon, fecha_inicio, fecha_fin, deuda_agua, deuda_gas, deuda_luz,
    deuda_camara, deuda_residuos, dias_cerrados, obras_realizadas)
VALUES 	(39,'959226219O',		'Sur',	7, 4,	'2018-11-01',	'2010-06-06',	'2017-03-03', 0, 0, 0, 0, 0, 0,FALSE);
INSERT INTO Licencia(numero_licencia, dni, nombre_mercado, numero_local, numero_denominacion,
    ultimo_pago_canon, fecha_inicio, fecha_fin, deuda_agua, deuda_gas, deuda_luz,
    deuda_camara, deuda_residuos, dias_cerrados, obras_realizadas)
VALUES 	(40,'769234589T',	  'Norte',  5, 4,	'2018-11-01',	'2010-08-11',	'2020-08-11', 0, 0, 0, 0, 0, 0,FALSE);
INSERT INTO Licencia(numero_licencia, dni, nombre_mercado, numero_local, numero_denominacion,
    ultimo_pago_canon, fecha_inicio, fecha_fin, deuda_agua, deuda_gas, deuda_luz,
    deuda_camara, deuda_residuos, dias_cerrados, obras_realizadas)
VALUES 	(41,'865687204T',		'Sur',	4, 2,	'2015-10-11',	'2010-09-22',	'2015-11-11', 0, 0, 0, 0, 0, 0,FALSE);
INSERT INTO Licencia(numero_licencia, dni, nombre_mercado, numero_local, numero_denominacion,
    ultimo_pago_canon, fecha_inicio, fecha_fin, deuda_agua, deuda_gas, deuda_luz,
    deuda_camara, deuda_residuos, dias_cerrados, obras_realizadas)
VALUES 	(42,'792709150L',	  'Norte',  6, 5,	'2018-11-01',	'2010-10-10',	'2020-10-10', 0, 0, 0, 0, 0, 0,FALSE);
INSERT INTO Licencia(numero_licencia, dni, nombre_mercado, numero_local, numero_denominacion,
    ultimo_pago_canon, fecha_inicio, fecha_fin, deuda_agua, deuda_gas, deuda_luz,
    deuda_camara, deuda_residuos, dias_cerrados, obras_realizadas)
VALUES 	(43,'805949250K',	  'Norte',  7, 2,	'2018-11-01',	'2011-01-02',	'2021-01-02', 0, 0, 0, 0, 0, 0,FALSE);
INSERT INTO Licencia(numero_licencia, dni, nombre_mercado, numero_local, numero_denominacion,
    ultimo_pago_canon, fecha_inicio, fecha_fin, deuda_agua, deuda_gas, deuda_luz,
    deuda_camara, deuda_residuos, dias_cerrados, obras_realizadas)
VALUES 	(44,'808722650I',	  'Norte',  8, 3,	'2018-11-01',	'2011-01-03',	'2013-06-07', 0, 0, 0, 0, 0, 0,FALSE);
INSERT INTO Licencia(numero_licencia, dni, nombre_mercado, numero_local, numero_denominacion,
    ultimo_pago_canon, fecha_inicio, fecha_fin, deuda_agua, deuda_gas, deuda_luz,
    deuda_camara, deuda_residuos, dias_cerrados, obras_realizadas)
VALUES 	(45, '225018119N', 	'Central',  2, 1, 	'2017-01-15', 	'2012-05-09', 	'2017-02-15', 0, 0, 0, 0, 0, 0,FALSE);
INSERT INTO Licencia(numero_licencia, dni, nombre_mercado, numero_local, numero_denominacion,
    ultimo_pago_canon, fecha_inicio, fecha_fin, deuda_agua, deuda_gas, deuda_luz,
    deuda_camara, deuda_residuos, dias_cerrados, obras_realizadas)
VALUES 	(46, '520077898U', 	'Central', 15, 5, 	'2018-10-20', 	'2013-05-23', 	'2023-05-23', 0, 0, 0, 0, 0, 0,FALSE);
INSERT INTO Licencia(numero_licencia, dni, nombre_mercado, numero_local, numero_denominacion,
    ultimo_pago_canon, fecha_inicio, fecha_fin, deuda_agua, deuda_gas, deuda_luz,
    deuda_camara, deuda_residuos, dias_cerrados, obras_realizadas)
VALUES 	(47,'818637975U',	  'Norte',  8, 4,	'2018-11-01',	'2013-06-07',	'2021-01-03', 0, 0, 0, 0, 0, 0,FALSE);
INSERT INTO Licencia(numero_licencia, dni, nombre_mercado, numero_local, numero_denominacion,
    ultimo_pago_canon, fecha_inicio, fecha_fin, deuda_agua, deuda_gas, deuda_luz,
    deuda_camara, deuda_residuos, dias_cerrados, obras_realizadas)
VALUES 	(48,'994332347P',		'Sur',	1, 5,	'2018-11-01',	'2013-07-08',	'2023-07-08', 0, 0, 0, 0, 0, 0,FALSE);
INSERT INTO Licencia(numero_licencia, dni, nombre_mercado, numero_local, numero_denominacion,
    ultimo_pago_canon, fecha_inicio, fecha_fin, deuda_agua, deuda_gas, deuda_luz,
    deuda_camara, deuda_residuos, dias_cerrados, obras_realizadas)
VALUES 	(49,'826922827Z',	  'Norte',  9, 5,	'2018-11-01',	'2013-10-10',	'2023-10-10', 0, 0, 0, 0, 0, 0,FALSE);
INSERT INTO Licencia(numero_licencia, dni, nombre_mercado, numero_local, numero_denominacion,
    ultimo_pago_canon, fecha_inicio, fecha_fin, deuda_agua, deuda_gas, deuda_luz,
    deuda_camara, deuda_residuos, dias_cerrados, obras_realizadas)
VALUES 	(50,'998777860L',		'Sur', 10, 2,	'2018-11-01',	'2015-09-10',	'2025-09-10', 0, 0, 0, 0, 0, 0,FALSE);
INSERT INTO Licencia(numero_licencia, dni, nombre_mercado, numero_local, numero_denominacion,
    ultimo_pago_canon, fecha_inicio, fecha_fin, deuda_agua, deuda_gas, deuda_luz,
    deuda_camara, deuda_residuos, dias_cerrados, obras_realizadas)
VALUES 	(51, '243415720Q', 	'Central',  5, 4, 	'2018-05-25', 	'2018-03-21', 	'2018-06-25', 0, 0, 0, 0, 0, 0,FALSE);
INSERT INTO Licencia(numero_licencia, dni, nombre_mercado, numero_local, numero_denominacion,
    ultimo_pago_canon, fecha_inicio, fecha_fin, deuda_agua, deuda_gas, deuda_luz,
    deuda_camara, deuda_residuos, dias_cerrados, obras_realizadas)
VALUES 	(52, '250161517Q', 	'Central',  5, 4, 	'2018-10-11', 	'2018-06-25', 	'2028-07-21', 0, 0, 0, 0, 0, 0,FALSE);
INSERT INTO Licencia(numero_licencia, dni, nombre_mercado, numero_local, numero_denominacion,
    ultimo_pago_canon, fecha_inicio, fecha_fin, deuda_agua, deuda_gas, deuda_luz,
    deuda_camara, deuda_residuos, dias_cerrados, obras_realizadas)
VALUES 	(53, '560553402M', 	'Central', 18, 2, 	'2018-10-11', 	'2018-11-19', 	'2028-11-19', 0, 0, 0, 0, 0, 0,FALSE);
INSERT INTO Licencia(numero_licencia, dni, nombre_mercado, numero_local, numero_denominacion,
    ultimo_pago_canon, fecha_inicio, fecha_fin, deuda_agua, deuda_gas, deuda_luz,
    deuda_camara, deuda_residuos, dias_cerrados, obras_realizadas)
VALUES 	(54,'14765833V',	'Central',	2, 0,	'2018-11-12',	'2018-11-11',	'2028-11-11', 0, 0, 0, 0, 0, 0,FALSE);
INSERT INTO Licencia(numero_licencia, dni, nombre_mercado, numero_local, numero_denominacion,
    ultimo_pago_canon, fecha_inicio, fecha_fin, deuda_agua, deuda_gas, deuda_luz,
    deuda_camara, deuda_residuos, dias_cerrados, obras_realizadas)
VALUES 	(55,'10241574L',	  'Norte',  2, 3, 	'2018-11-12',	'2018-11-11',	'2028-11-11', 0, 0, 0, 0, 0, 0,FALSE);
INSERT INTO Licencia(numero_licencia, dni, nombre_mercado, numero_local, numero_denominacion,
    ultimo_pago_canon, fecha_inicio, fecha_fin, deuda_agua, deuda_gas, deuda_luz,
    deuda_camara, deuda_residuos, dias_cerrados, obras_realizadas)
VALUES 	(56,'31000661L',		'Sur',	8, 1,	'2018-11-12',	'2018-11-11',	'2028-11-11', 0, 0, 0, 0, 0, 0,FALSE);
INSERT INTO Licencia(numero_licencia, dni, nombre_mercado, numero_local, numero_denominacion,
    ultimo_pago_canon, fecha_inicio, fecha_fin, deuda_agua, deuda_gas, deuda_luz,
    deuda_camara, deuda_residuos, dias_cerrados, obras_realizadas)
VALUES 	(57,'30887000R', 	'Central',	1, 1,	'2018-11-12',	'2018-11-11',	'2028-11-11', 0, 0, 0, 0, 0, 0,FALSE);
INSERT INTO Licencia(numero_licencia, dni, nombre_mercado, numero_local, numero_denominacion,
    ultimo_pago_canon, fecha_inicio, fecha_fin, deuda_agua, deuda_gas, deuda_luz,
    deuda_camara, deuda_residuos, dias_cerrados, obras_realizadas)
VALUES 	(58,'26305689Z',	  'Norte',	1, 2,	'2018-11-12',	'2018-11-11',	'2028-11-11', 0, 0, 0, 0, 0, 0,FALSE);
INSERT INTO Licencia(numero_licencia, dni, nombre_mercado, numero_local, numero_denominacion,
    ultimo_pago_canon, fecha_inicio, fecha_fin, deuda_agua, deuda_gas, deuda_luz,
    deuda_camara, deuda_residuos, dias_cerrados, obras_realizadas)
VALUES 	(59,'23662625H',	  'Norte',	3, 4,	'2018-11-12',	'2018-11-11',	'2028-11-11', 0, 0, 0, 0, 0, 0,FALSE);
INSERT INTO Licencia(numero_licencia, dni, nombre_mercado, numero_local, numero_denominacion,
    ultimo_pago_canon, fecha_inicio, fecha_fin, deuda_agua, deuda_gas, deuda_luz,
    deuda_camara, deuda_residuos, dias_cerrados, obras_realizadas)
VALUES 	(60, '23732590V',	'Central',	4, 3,	'2018-11-12',	'2018-11-11',	'2028-11-11', 0, 0, 0, 0, 0, 0,FALSE);
INSERT INTO Licencia(numero_licencia, dni, nombre_mercado, numero_local, numero_denominacion,
    ultimo_pago_canon, fecha_inicio, fecha_fin, deuda_agua, deuda_gas, deuda_luz,
    deuda_camara, deuda_residuos, dias_cerrados, obras_realizadas)
VALUES 	(61,'31679257T',	'Central', 14, 3,	'2018-11-12',	'2018-11-11',	'2028-11-11', 0, 0, 0, 0, 0, 0,FALSE);


INSERT INTO Infraccion (numero_licencia, numero_infraccion, numero_falta,descripcion, fecha) 
	VALUES (16,1,1,'Escndalo pblico','2012-12-21');
INSERT INTO Infraccion (numero_licencia, numero_infraccion, numero_falta,descripcion, fecha) 
	VALUES (17,2,1,'Escndalo pblico','2012-12-21');
INSERT INTO Infraccion (numero_licencia, numero_infraccion, numero_falta,descripcion, fecha) 
	VALUES (12,3,1,'Escndalo pblico','2012-12-21');
INSERT INTO Infraccion (numero_licencia, numero_infraccion, numero_falta,descripcion, fecha) 
	VALUES (18,4,0,'Discusin con otro titular','2014-07-07');
INSERT INTO Infraccion (numero_licencia, numero_infraccion, numero_falta,descripcion, fecha) 
	VALUES (49,5,0,'Discusin con otro titular','2014-08-07');
INSERT INTO Infraccion (numero_licencia, numero_infraccion, numero_falta,descripcion, fecha) 
	VALUES (21,6,1,'Escndalo pblico','2015-04-05');
INSERT INTO Infraccion (numero_licencia, numero_infraccion, numero_falta,descripcion, fecha) 
	VALUES (22,7,2,'Abandono injustificado del puesto','2016-05-17');
INSERT INTO Infraccion (numero_licencia, numero_infraccion, numero_falta,descripcion, fecha) 
	VALUES (18,8,0,'Falta de higiene en el puesto','2016-08-15');
INSERT INTO Infraccion (numero_licencia, numero_infraccion, numero_falta,descripcion, fecha) 
	VALUES (49,9,0,'Dalta de higiene en el puesto','2016-08-25');
INSERT INTO Infraccion (numero_licencia, numero_infraccion, numero_falta,descripcion, fecha) 
	VALUES (26,10,1,'Escndalo pblico','2016-12-21');
INSERT INTO Infraccion (numero_licencia, numero_infraccion, numero_falta,descripcion, fecha) 
	VALUES (25,11,0,'Discusin con otro titular','2017-09-12');
INSERT INTO Infraccion (numero_licencia, numero_infraccion, numero_falta,descripcion, fecha) 
	VALUES (24,12,1,'Escndalo pblico','2017-12-21');
INSERT INTO Infraccion (numero_licencia, numero_infraccion, numero_falta,descripcion, fecha) 
	VALUES (50,13,1,'Escndalo pblico','2018-04-05');
INSERT INTO Infraccion (numero_licencia, numero_infraccion, numero_falta,descripcion, fecha) 
	VALUES (51,14,2,'Abandono injustificado del puesto','2018-06-17');
INSERT INTO Infraccion (numero_licencia, numero_infraccion, numero_falta,descripcion, fecha) 
	VALUES (53,15,0,'Discusin con otro titular','2018-11-21');
		
		
